{"cameraMode":{"drawMode":0,"name":"Shaded","section":"Shading Mode"},"sceneLighting":true,"audioPlay":false,"sceneViewState":{"showFog":true,"showMaterialUpdate":false,"showSkybox":false,"showFlares":true,"showImageEffects":true,"showParticleSystems":true},"in2DMode":false,"pivot":{"x":-745.025146484375,"y":743.465576171875,"z":160.06146240234376},"rotation":{"x":0.34302833676338198,"y":0.6146842241287231,"z":-0.3373245298862457,"w":0.6250932812690735},"size":1489.997314453125,"orthographic":false}