{"cameraMode":{"drawMode":0,"name":"Shaded","section":"Shading Mode"},"sceneLighting":true,"audioPlay":false,"sceneViewState":{"showFog":true,"showMaterialUpdate":false,"showSkybox":false,"showFlares":true,"showImageEffects":true,"showParticleSystems":true},"in2DMode":false,"pivot":{"x":-591.260986328125,"y":66.548583984375,"z":66.26420593261719},"rotation":{"x":0.4713315963745117,"y":0.5259088277816773,"z":-0.46210500597953799,"w":0.5364328026771545},"size":2330.125,"orthographic":false}